,drone_speed,drone_ascent_rate,drone_response_distance,is_violation,max_heli_speed,min_heli_speed
11,44.0,8.2,6200.0,0,183.33,154.0
12,44.0,8.2,6400.0,0,183.33,154.0
13,44.0,8.2,6600.0,0,183.33,154.0
14,44.0,8.2,6800.0,0,183.33,154.0
15,44.0,8.2,7000.0,0,183.33,154.0
16,44.0,8.2,7200.0,0,183.33,154.0
17,44.0,8.2,7400.0,0,183.33,154.0
18,44.0,8.2,7600.0,0,183.33,154.0
19,44.0,8.2,7800.0,0,183.33,154.0
20,44.0,8.2,8000.0,0,183.33,154.0
21,44.0,8.2,8200.0,0,183.33,154.0
22,44.0,8.2,8400.0,0,183.33,154.0
23,44.0,8.2,8600.0,0,183.33,154.0
24,44.0,8.2,8800.0,0,183.33,154.0
25,44.0,8.2,9000.0,0,183.33,154.0
26,44.0,8.2,9200.0,0,183.33,154.0
27,44.0,8.2,9400.0,0,183.33,154.0
28,44.0,8.2,9600.0,0,183.33,154.0
29,44.0,8.2,9800.0,0,183.33,154.0
30,44.0,8.2,10000.0,0,183.33,154.0
40,44.0,8.95,5800.0,0,183.33,154.0
41,44.0,8.95,6000.0,0,183.33,154.0
42,44.0,8.95,6200.0,0,183.33,154.0
43,44.0,8.95,6400.0,0,183.33,154.0
44,44.0,8.95,6600.0,0,183.33,154.0
45,44.0,8.95,6800.0,0,183.33,154.0
46,44.0,8.95,7000.0,0,183.33,154.0
47,44.0,8.95,7200.0,0,183.33,154.0
48,44.0,8.95,7400.0,0,183.33,154.0
49,44.0,8.95,7600.0,0,183.33,154.0
50,44.0,8.95,7800.0,0,183.33,154.0
51,44.0,8.95,8000.0,0,183.33,154.0
52,44.0,8.95,8200.0,0,183.33,154.0
53,44.0,8.95,8400.0,0,183.33,154.0
54,44.0,8.95,8600.0,0,183.33,154.0
55,44.0,8.95,8800.0,0,183.33,154.0
56,44.0,8.95,9000.0,0,183.33,154.0
57,44.0,8.95,9200.0,0,183.33,154.0
58,44.0,8.95,9400.0,0,183.33,154.0
59,44.0,8.95,9600.0,0,183.33,154.0
60,44.0,8.95,9800.0,0,183.33,154.0
61,44.0,8.95,10000.0,0,183.33,154.0
69,44.0,9.7,5400.0,0,183.33,154.0
70,44.0,9.7,5600.0,0,183.33,154.0
71,44.0,9.7,5800.0,0,183.33,154.0
72,44.0,9.7,6000.0,0,183.33,154.0
73,44.0,9.7,6200.0,0,183.33,154.0
74,44.0,9.7,6400.0,0,183.33,154.0
75,44.0,9.7,6600.0,0,183.33,154.0
76,44.0,9.7,6800.0,0,183.33,154.0
77,44.0,9.7,7000.0,0,183.33,154.0
78,44.0,9.7,7200.0,0,183.33,154.0
79,44.0,9.7,7400.0,0,183.33,154.0
80,44.0,9.7,7600.0,0,183.33,154.0
81,44.0,9.7,7800.0,0,183.33,154.0
82,44.0,9.7,8000.0,0,183.33,154.0
83,44.0,9.7,8200.0,0,183.33,154.0
84,44.0,9.7,8400.0,0,183.33,154.0
85,44.0,9.7,8600.0,0,183.33,154.0
86,44.0,9.7,8800.0,0,183.33,154.0
87,44.0,9.7,9000.0,0,183.33,154.0
88,44.0,9.7,9200.0,0,183.33,154.0
89,44.0,9.7,9400.0,0,183.33,154.0
90,44.0,9.7,9600.0,0,183.33,154.0
91,44.0,9.7,9800.0,0,183.33,154.0
92,44.0,9.7,10000.0,0,183.33,154.0
100,44.0,10.45,5400.0,0,183.33,154.0
101,44.0,10.45,5600.0,0,183.33,154.0
102,44.0,10.45,5800.0,0,183.33,154.0
103,44.0,10.45,6000.0,0,183.33,154.0
104,44.0,10.45,6200.0,0,183.33,154.0
105,44.0,10.45,6400.0,0,183.33,154.0
106,44.0,10.45,6600.0,0,183.33,154.0
107,44.0,10.45,6800.0,0,183.33,154.0
108,44.0,10.45,7000.0,0,183.33,154.0
109,44.0,10.45,7200.0,0,183.33,154.0
110,44.0,10.45,7400.0,0,183.33,154.0
111,44.0,10.45,7600.0,0,183.33,154.0
112,44.0,10.45,7800.0,0,183.33,154.0
113,44.0,10.45,8000.0,0,183.33,154.0
114,44.0,10.45,8200.0,0,183.33,154.0
115,44.0,10.45,8400.0,0,183.33,154.0
116,44.0,10.45,8600.0,0,183.33,154.0
117,44.0,10.45,8800.0,0,183.33,154.0
118,44.0,10.45,9000.0,0,183.33,154.0
119,44.0,10.45,9200.0,0,183.33,154.0
120,44.0,10.45,9400.0,0,183.33,154.0
121,44.0,10.45,9600.0,0,183.33,154.0
122,44.0,10.45,9800.0,0,183.33,154.0
123,44.0,10.45,10000.0,0,183.33,154.0
129,44.0,11.2,5000.0,0,183.33,154.0
130,44.0,11.2,5200.0,0,183.33,154.0
131,44.0,11.2,5400.0,0,183.33,154.0
132,44.0,11.2,5600.0,0,183.33,154.0
133,44.0,11.2,5800.0,0,183.33,154.0
134,44.0,11.2,6000.0,0,183.33,154.0
135,44.0,11.2,6200.0,0,183.33,154.0
136,44.0,11.2,6400.0,0,183.33,154.0
137,44.0,11.2,6600.0,0,183.33,154.0
138,44.0,11.2,6800.0,0,183.33,154.0
139,44.0,11.2,7000.0,0,183.33,154.0
140,44.0,11.2,7200.0,0,183.33,154.0
141,44.0,11.2,7400.0,0,183.33,154.0
142,44.0,11.2,7600.0,0,183.33,154.0
143,44.0,11.2,7800.0,0,183.33,154.0
144,44.0,11.2,8000.0,0,183.33,154.0
145,44.0,11.2,8200.0,0,183.33,154.0
146,44.0,11.2,8400.0,0,183.33,154.0
147,44.0,11.2,8600.0,0,183.33,154.0
148,44.0,11.2,8800.0,0,183.33,154.0
149,44.0,11.2,9000.0,0,183.33,154.0
150,44.0,11.2,9200.0,0,183.33,154.0
151,44.0,11.2,9400.0,0,183.33,154.0
152,44.0,11.2,9600.0,0,183.33,154.0
153,44.0,11.2,9800.0,0,183.33,154.0
154,44.0,11.2,10000.0,0,183.33,154.0
159,44.0,11.95,4800.0,0,183.33,154.0
160,44.0,11.95,5000.0,0,183.33,154.0
161,44.0,11.95,5200.0,0,183.33,154.0
162,44.0,11.95,5400.0,0,183.33,154.0
163,44.0,11.95,5600.0,0,183.33,154.0
164,44.0,11.95,5800.0,0,183.33,154.0
165,44.0,11.95,6000.0,0,183.33,154.0
166,44.0,11.95,6200.0,0,183.33,154.0
167,44.0,11.95,6400.0,0,183.33,154.0
168,44.0,11.95,6600.0,0,183.33,154.0
169,44.0,11.95,6800.0,0,183.33,154.0
170,44.0,11.95,7000.0,0,183.33,154.0
171,44.0,11.95,7200.0,0,183.33,154.0
172,44.0,11.95,7400.0,0,183.33,154.0
173,44.0,11.95,7600.0,0,183.33,154.0
174,44.0,11.95,7800.0,0,183.33,154.0
175,44.0,11.95,8000.0,0,183.33,154.0
176,44.0,11.95,8200.0,0,183.33,154.0
177,44.0,11.95,8400.0,0,183.33,154.0
178,44.0,11.95,8600.0,0,183.33,154.0
179,44.0,11.95,8800.0,0,183.33,154.0
180,44.0,11.95,9000.0,0,183.33,154.0
181,44.0,11.95,9200.0,0,183.33,154.0
182,44.0,11.95,9400.0,0,183.33,154.0
183,44.0,11.95,9600.0,0,183.33,154.0
184,44.0,11.95,9800.0,0,183.33,154.0
185,44.0,11.95,10000.0,0,183.33,154.0
190,44.0,12.7,4800.0,0,183.33,154.0
191,44.0,12.7,5000.0,0,183.33,154.0
192,44.0,12.7,5200.0,0,183.33,154.0
193,44.0,12.7,5400.0,0,183.33,154.0
194,44.0,12.7,5600.0,0,183.33,154.0
195,44.0,12.7,5800.0,0,183.33,154.0
196,44.0,12.7,6000.0,0,183.33,154.0
197,44.0,12.7,6200.0,0,183.33,154.0
198,44.0,12.7,6400.0,0,183.33,154.0
199,44.0,12.7,6600.0,0,183.33,154.0
200,44.0,12.7,6800.0,0,183.33,154.0
201,44.0,12.7,7000.0,0,183.33,154.0
202,44.0,12.7,7200.0,0,183.33,154.0
203,44.0,12.7,7400.0,0,183.33,154.0
204,44.0,12.7,7600.0,0,183.33,154.0
205,44.0,12.7,7800.0,0,183.33,154.0
206,44.0,12.7,8000.0,0,183.33,154.0
207,44.0,12.7,8200.0,0,183.33,154.0
208,44.0,12.7,8400.0,0,183.33,154.0
209,44.0,12.7,8600.0,0,183.33,154.0
210,44.0,12.7,8800.0,0,183.33,154.0
211,44.0,12.7,9000.0,0,183.33,154.0
212,44.0,12.7,9200.0,0,183.33,154.0
213,44.0,12.7,9400.0,0,183.33,154.0
214,44.0,12.7,9600.0,0,183.33,154.0
215,44.0,12.7,9800.0,0,183.33,154.0
216,44.0,12.7,10000.0,0,183.33,154.0
220,44.0,13.45,4600.0,0,183.33,154.0
221,44.0,13.45,4800.0,0,183.33,154.0
222,44.0,13.45,5000.0,0,183.33,154.0
223,44.0,13.45,5200.0,0,183.33,154.0
224,44.0,13.45,5400.0,0,183.33,154.0
225,44.0,13.45,5600.0,0,183.33,154.0
226,44.0,13.45,5800.0,0,183.33,154.0
227,44.0,13.45,6000.0,0,183.33,154.0
228,44.0,13.45,6200.0,0,183.33,154.0
229,44.0,13.45,6400.0,0,183.33,154.0
230,44.0,13.45,6600.0,0,183.33,154.0
231,44.0,13.45,6800.0,0,183.33,154.0
232,44.0,13.45,7000.0,0,183.33,154.0
233,44.0,13.45,7200.0,0,183.33,154.0
234,44.0,13.45,7400.0,0,183.33,154.0
235,44.0,13.45,7600.0,0,183.33,154.0
236,44.0,13.45,7800.0,0,183.33,154.0
237,44.0,13.45,8000.0,0,183.33,154.0
238,44.0,13.45,8200.0,0,183.33,154.0
239,44.0,13.45,8400.0,0,183.33,154.0
240,44.0,13.45,8600.0,0,183.33,154.0
241,44.0,13.45,8800.0,0,183.33,154.0
242,44.0,13.45,9000.0,0,183.33,154.0
243,44.0,13.45,9200.0,0,183.33,154.0
244,44.0,13.45,9400.0,0,183.33,154.0
245,44.0,13.45,9600.0,0,183.33,154.0
246,44.0,13.45,9800.0,0,183.33,154.0
247,44.0,13.45,10000.0,0,183.33,154.0
250,44.0,14.2,4400.0,0,183.33,154.0
251,44.0,14.2,4600.0,0,183.33,154.0
252,44.0,14.2,4800.0,0,183.33,154.0
253,44.0,14.2,5000.0,0,183.33,154.0
254,44.0,14.2,5200.0,0,183.33,154.0
255,44.0,14.2,5400.0,0,183.33,154.0
256,44.0,14.2,5600.0,0,183.33,154.0
257,44.0,14.2,5800.0,0,183.33,154.0
258,44.0,14.2,6000.0,0,183.33,154.0
259,44.0,14.2,6200.0,0,183.33,154.0
260,44.0,14.2,6400.0,0,183.33,154.0
261,44.0,14.2,6600.0,0,183.33,154.0
262,44.0,14.2,6800.0,0,183.33,154.0
263,44.0,14.2,7000.0,0,183.33,154.0
264,44.0,14.2,7200.0,0,183.33,154.0
265,44.0,14.2,7400.0,0,183.33,154.0
266,44.0,14.2,7600.0,0,183.33,154.0
267,44.0,14.2,7800.0,0,183.33,154.0
268,44.0,14.2,8000.0,0,183.33,154.0
269,44.0,14.2,8200.0,0,183.33,154.0
270,44.0,14.2,8400.0,0,183.33,154.0
271,44.0,14.2,8600.0,0,183.33,154.0
272,44.0,14.2,8800.0,0,183.33,154.0
273,44.0,14.2,9000.0,0,183.33,154.0
274,44.0,14.2,9200.0,0,183.33,154.0
275,44.0,14.2,9400.0,0,183.33,154.0
276,44.0,14.2,9600.0,0,183.33,154.0
277,44.0,14.2,9800.0,0,183.33,154.0
278,44.0,14.2,10000.0,0,183.33,154.0
289,51.33,8.2,6000.0,0,183.33,154.0
290,51.33,8.2,6200.0,0,183.33,154.0
291,51.33,8.2,6400.0,0,183.33,154.0
292,51.33,8.2,6600.0,0,183.33,154.0
293,51.33,8.2,6800.0,0,183.33,154.0
294,51.33,8.2,7000.0,0,183.33,154.0
295,51.33,8.2,7200.0,0,183.33,154.0
296,51.33,8.2,7400.0,0,183.33,154.0
297,51.33,8.2,7600.0,0,183.33,154.0
298,51.33,8.2,7800.0,0,183.33,154.0
299,51.33,8.2,8000.0,0,183.33,154.0
300,51.33,8.2,8200.0,0,183.33,154.0
301,51.33,8.2,8400.0,0,183.33,154.0
302,51.33,8.2,8600.0,0,183.33,154.0
303,51.33,8.2,8800.0,0,183.33,154.0
304,51.33,8.2,9000.0,0,183.33,154.0
305,51.33,8.2,9200.0,0,183.33,154.0
306,51.33,8.2,9400.0,0,183.33,154.0
307,51.33,8.2,9600.0,0,183.33,154.0
308,51.33,8.2,9800.0,0,183.33,154.0
309,51.33,8.2,10000.0,0,183.33,154.0
318,51.33,8.95,5600.0,0,183.33,154.0
319,51.33,8.95,5800.0,0,183.33,154.0
320,51.33,8.95,6000.0,0,183.33,154.0
321,51.33,8.95,6200.0,0,183.33,154.0
322,51.33,8.95,6400.0,0,183.33,154.0
323,51.33,8.95,6600.0,0,183.33,154.0
324,51.33,8.95,6800.0,0,183.33,154.0
325,51.33,8.95,7000.0,0,183.33,154.0
326,51.33,8.95,7200.0,0,183.33,154.0
327,51.33,8.95,7400.0,0,183.33,154.0
328,51.33,8.95,7600.0,0,183.33,154.0
329,51.33,8.95,7800.0,0,183.33,154.0
330,51.33,8.95,8000.0,0,183.33,154.0
331,51.33,8.95,8200.0,0,183.33,154.0
332,51.33,8.95,8400.0,0,183.33,154.0
333,51.33,8.95,8600.0,0,183.33,154.0
334,51.33,8.95,8800.0,0,183.33,154.0
335,51.33,8.95,9000.0,0,183.33,154.0
336,51.33,8.95,9200.0,0,183.33,154.0
337,51.33,8.95,9400.0,0,183.33,154.0
338,51.33,8.95,9600.0,0,183.33,154.0
339,51.33,8.95,9800.0,0,183.33,154.0
340,51.33,8.95,10000.0,0,183.33,154.0
347,51.33,9.7,5200.0,0,183.33,154.0
348,51.33,9.7,5400.0,0,183.33,154.0
349,51.33,9.7,5600.0,0,183.33,154.0
350,51.33,9.7,5800.0,0,183.33,154.0
351,51.33,9.7,6000.0,0,183.33,154.0
352,51.33,9.7,6200.0,0,183.33,154.0
353,51.33,9.7,6400.0,0,183.33,154.0
354,51.33,9.7,6600.0,0,183.33,154.0
355,51.33,9.7,6800.0,0,183.33,154.0
356,51.33,9.7,7000.0,0,183.33,154.0
357,51.33,9.7,7200.0,0,183.33,154.0
358,51.33,9.7,7400.0,0,183.33,154.0
359,51.33,9.7,7600.0,0,183.33,154.0
360,51.33,9.7,7800.0,0,183.33,154.0
361,51.33,9.7,8000.0,0,183.33,154.0
362,51.33,9.7,8200.0,0,183.33,154.0
363,51.33,9.7,8400.0,0,183.33,154.0
364,51.33,9.7,8600.0,0,183.33,154.0
365,51.33,9.7,8800.0,0,183.33,154.0
366,51.33,9.7,9000.0,0,183.33,154.0
367,51.33,9.7,9200.0,0,183.33,154.0
368,51.33,9.7,9400.0,0,183.33,154.0
369,51.33,9.7,9600.0,0,183.33,154.0
370,51.33,9.7,9800.0,0,183.33,154.0
371,51.33,9.7,10000.0,0,183.33,154.0
378,51.33,10.45,5200.0,0,183.33,154.0
379,51.33,10.45,5400.0,0,183.33,154.0
380,51.33,10.45,5600.0,0,183.33,154.0
381,51.33,10.45,5800.0,0,183.33,154.0
382,51.33,10.45,6000.0,0,183.33,154.0
383,51.33,10.45,6200.0,0,183.33,154.0
384,51.33,10.45,6400.0,0,183.33,154.0
385,51.33,10.45,6600.0,0,183.33,154.0
386,51.33,10.45,6800.0,0,183.33,154.0
387,51.33,10.45,7000.0,0,183.33,154.0
388,51.33,10.45,7200.0,0,183.33,154.0
389,51.33,10.45,7400.0,0,183.33,154.0
390,51.33,10.45,7600.0,0,183.33,154.0
391,51.33,10.45,7800.0,0,183.33,154.0
392,51.33,10.45,8000.0,0,183.33,154.0
393,51.33,10.45,8200.0,0,183.33,154.0
394,51.33,10.45,8400.0,0,183.33,154.0
395,51.33,10.45,8600.0,0,183.33,154.0
396,51.33,10.45,8800.0,0,183.33,154.0
397,51.33,10.45,9000.0,0,183.33,154.0
398,51.33,10.45,9200.0,0,183.33,154.0
399,51.33,10.45,9400.0,0,183.33,154.0
400,51.33,10.45,9600.0,0,183.33,154.0
401,51.33,10.45,9800.0,0,183.33,154.0
402,51.33,10.45,10000.0,0,183.33,154.0
407,51.33,11.2,4800.0,0,183.33,154.0
408,51.33,11.2,5000.0,0,183.33,154.0
409,51.33,11.2,5200.0,0,183.33,154.0
410,51.33,11.2,5400.0,0,183.33,154.0
411,51.33,11.2,5600.0,0,183.33,154.0
412,51.33,11.2,5800.0,0,183.33,154.0
413,51.33,11.2,6000.0,0,183.33,154.0
414,51.33,11.2,6200.0,0,183.33,154.0
415,51.33,11.2,6400.0,0,183.33,154.0
416,51.33,11.2,6600.0,0,183.33,154.0
417,51.33,11.2,6800.0,0,183.33,154.0
418,51.33,11.2,7000.0,0,183.33,154.0
419,51.33,11.2,7200.0,0,183.33,154.0
420,51.33,11.2,7400.0,0,183.33,154.0
421,51.33,11.2,7600.0,0,183.33,154.0
422,51.33,11.2,7800.0,0,183.33,154.0
423,51.33,11.2,8000.0,0,183.33,154.0
424,51.33,11.2,8200.0,0,183.33,154.0
425,51.33,11.2,8400.0,0,183.33,154.0
426,51.33,11.2,8600.0,0,183.33,154.0
427,51.33,11.2,8800.0,0,183.33,154.0
428,51.33,11.2,9000.0,0,183.33,154.0
429,51.33,11.2,9200.0,0,183.33,154.0
430,51.33,11.2,9400.0,0,183.33,154.0
431,51.33,11.2,9600.0,0,183.33,154.0
432,51.33,11.2,9800.0,0,183.33,154.0
433,51.33,11.2,10000.0,0,183.33,154.0
437,51.33,11.95,4600.0,0,183.33,154.0
438,51.33,11.95,4800.0,0,183.33,154.0
439,51.33,11.95,5000.0,0,183.33,154.0
440,51.33,11.95,5200.0,0,183.33,154.0
441,51.33,11.95,5400.0,0,183.33,154.0
442,51.33,11.95,5600.0,0,183.33,154.0
443,51.33,11.95,5800.0,0,183.33,154.0
444,51.33,11.95,6000.0,0,183.33,154.0
445,51.33,11.95,6200.0,0,183.33,154.0
446,51.33,11.95,6400.0,0,183.33,154.0
447,51.33,11.95,6600.0,0,183.33,154.0
448,51.33,11.95,6800.0,0,183.33,154.0
449,51.33,11.95,7000.0,0,183.33,154.0
450,51.33,11.95,7200.0,0,183.33,154.0
451,51.33,11.95,7400.0,0,183.33,154.0
452,51.33,11.95,7600.0,0,183.33,154.0
453,51.33,11.95,7800.0,0,183.33,154.0
454,51.33,11.95,8000.0,0,183.33,154.0
455,51.33,11.95,8200.0,0,183.33,154.0
456,51.33,11.95,8400.0,0,183.33,154.0
457,51.33,11.95,8600.0,0,183.33,154.0
458,51.33,11.95,8800.0,0,183.33,154.0
459,51.33,11.95,9000.0,0,183.33,154.0
460,51.33,11.95,9200.0,0,183.33,154.0
461,51.33,11.95,9400.0,0,183.33,154.0
462,51.33,11.95,9600.0,0,183.33,154.0
463,51.33,11.95,9800.0,0,183.33,154.0
464,51.33,11.95,10000.0,0,183.33,154.0
468,51.33,12.7,4600.0,0,183.33,154.0
469,51.33,12.7,4800.0,0,183.33,154.0
470,51.33,12.7,5000.0,0,183.33,154.0
471,51.33,12.7,5200.0,0,183.33,154.0
472,51.33,12.7,5400.0,0,183.33,154.0
473,51.33,12.7,5600.0,0,183.33,154.0
474,51.33,12.7,5800.0,0,183.33,154.0
475,51.33,12.7,6000.0,0,183.33,154.0
476,51.33,12.7,6200.0,0,183.33,154.0
477,51.33,12.7,6400.0,0,183.33,154.0
478,51.33,12.7,6600.0,0,183.33,154.0
479,51.33,12.7,6800.0,0,183.33,154.0
480,51.33,12.7,7000.0,0,183.33,154.0
481,51.33,12.7,7200.0,0,183.33,154.0
482,51.33,12.7,7400.0,0,183.33,154.0
483,51.33,12.7,7600.0,0,183.33,154.0
484,51.33,12.7,7800.0,0,183.33,154.0
485,51.33,12.7,8000.0,0,183.33,154.0
486,51.33,12.7,8200.0,0,183.33,154.0
487,51.33,12.7,8400.0,0,183.33,154.0
488,51.33,12.7,8600.0,0,183.33,154.0
489,51.33,12.7,8800.0,0,183.33,154.0
490,51.33,12.7,9000.0,0,183.33,154.0
491,51.33,12.7,9200.0,0,183.33,154.0
492,51.33,12.7,9400.0,0,183.33,154.0
493,51.33,12.7,9600.0,0,183.33,154.0
494,51.33,12.7,9800.0,0,183.33,154.0
495,51.33,12.7,10000.0,0,183.33,154.0
498,51.33,13.45,4400.0,0,183.33,154.0
499,51.33,13.45,4600.0,0,183.33,154.0
500,51.33,13.45,4800.0,0,183.33,154.0
501,51.33,13.45,5000.0,0,183.33,154.0
502,51.33,13.45,5200.0,0,183.33,154.0
503,51.33,13.45,5400.0,0,183.33,154.0
504,51.33,13.45,5600.0,0,183.33,154.0
505,51.33,13.45,5800.0,0,183.33,154.0
506,51.33,13.45,6000.0,0,183.33,154.0
507,51.33,13.45,6200.0,0,183.33,154.0
508,51.33,13.45,6400.0,0,183.33,154.0
509,51.33,13.45,6600.0,0,183.33,154.0
510,51.33,13.45,6800.0,0,183.33,154.0
511,51.33,13.45,7000.0,0,183.33,154.0
512,51.33,13.45,7200.0,0,183.33,154.0
513,51.33,13.45,7400.0,0,183.33,154.0
514,51.33,13.45,7600.0,0,183.33,154.0
515,51.33,13.45,7800.0,0,183.33,154.0
516,51.33,13.45,8000.0,0,183.33,154.0
517,51.33,13.45,8200.0,0,183.33,154.0
518,51.33,13.45,8400.0,0,183.33,154.0
519,51.33,13.45,8600.0,0,183.33,154.0
520,51.33,13.45,8800.0,0,183.33,154.0
521,51.33,13.45,9000.0,0,183.33,154.0
522,51.33,13.45,9200.0,0,183.33,154.0
523,51.33,13.45,9400.0,0,183.33,154.0
524,51.33,13.45,9600.0,0,183.33,154.0
525,51.33,13.45,9800.0,0,183.33,154.0
526,51.33,13.45,10000.0,0,183.33,154.0
528,51.33,14.2,4200.0,0,183.33,154.0
529,51.33,14.2,4400.0,0,183.33,154.0
530,51.33,14.2,4600.0,0,183.33,154.0
531,51.33,14.2,4800.0,0,183.33,154.0
532,51.33,14.2,5000.0,0,183.33,154.0
533,51.33,14.2,5200.0,0,183.33,154.0
534,51.33,14.2,5400.0,0,183.33,154.0
535,51.33,14.2,5600.0,0,183.33,154.0
536,51.33,14.2,5800.0,0,183.33,154.0
537,51.33,14.2,6000.0,0,183.33,154.0
538,51.33,14.2,6200.0,0,183.33,154.0
539,51.33,14.2,6400.0,0,183.33,154.0
540,51.33,14.2,6600.0,0,183.33,154.0
541,51.33,14.2,6800.0,0,183.33,154.0
542,51.33,14.2,7000.0,0,183.33,154.0
543,51.33,14.2,7200.0,0,183.33,154.0
544,51.33,14.2,7400.0,0,183.33,154.0
545,51.33,14.2,7600.0,0,183.33,154.0
546,51.33,14.2,7800.0,0,183.33,154.0
547,51.33,14.2,8000.0,0,183.33,154.0
548,51.33,14.2,8200.0,0,183.33,154.0
549,51.33,14.2,8400.0,0,183.33,154.0
550,51.33,14.2,8600.0,0,183.33,154.0
551,51.33,14.2,8800.0,0,183.33,154.0
552,51.33,14.2,9000.0,0,183.33,154.0
553,51.33,14.2,9200.0,0,183.33,154.0
554,51.33,14.2,9400.0,0,183.33,154.0
555,51.33,14.2,9600.0,0,183.33,154.0
556,51.33,14.2,9800.0,0,183.33,154.0
557,51.33,14.2,10000.0,0,183.33,154.0
567,58.67,8.2,5800.0,0,183.33,154.0
568,58.67,8.2,6000.0,0,183.33,154.0
569,58.67,8.2,6200.0,0,183.33,154.0
570,58.67,8.2,6400.0,0,183.33,154.0
571,58.67,8.2,6600.0,0,183.33,154.0
572,58.67,8.2,6800.0,0,183.33,154.0
573,58.67,8.2,7000.0,0,183.33,154.0
574,58.67,8.2,7200.0,0,183.33,154.0
575,58.67,8.2,7400.0,0,183.33,154.0
576,58.67,8.2,7600.0,0,183.33,154.0
577,58.67,8.2,7800.0,0,183.33,154.0
578,58.67,8.2,8000.0,0,183.33,154.0
579,58.67,8.2,8200.0,0,183.33,154.0
580,58.67,8.2,8400.0,0,183.33,154.0
581,58.67,8.2,8600.0,0,183.33,154.0
582,58.67,8.2,8800.0,0,183.33,154.0
583,58.67,8.2,9000.0,0,183.33,154.0
584,58.67,8.2,9200.0,0,183.33,154.0
585,58.67,8.2,9400.0,0,183.33,154.0
586,58.67,8.2,9600.0,0,183.33,154.0
587,58.67,8.2,9800.0,0,183.33,154.0
588,58.67,8.2,10000.0,0,183.33,154.0
596,58.67,8.95,5400.0,0,183.33,154.0
597,58.67,8.95,5600.0,0,183.33,154.0
598,58.67,8.95,5800.0,0,183.33,154.0
599,58.67,8.95,6000.0,0,183.33,154.0
600,58.67,8.95,6200.0,0,183.33,154.0
601,58.67,8.95,6400.0,0,183.33,154.0
602,58.67,8.95,6600.0,0,183.33,154.0
603,58.67,8.95,6800.0,0,183.33,154.0
604,58.67,8.95,7000.0,0,183.33,154.0
605,58.67,8.95,7200.0,0,183.33,154.0
606,58.67,8.95,7400.0,0,183.33,154.0
607,58.67,8.95,7600.0,0,183.33,154.0
608,58.67,8.95,7800.0,0,183.33,154.0
609,58.67,8.95,8000.0,0,183.33,154.0
610,58.67,8.95,8200.0,0,183.33,154.0
611,58.67,8.95,8400.0,0,183.33,154.0
612,58.67,8.95,8600.0,0,183.33,154.0
613,58.67,8.95,8800.0,0,183.33,154.0
614,58.67,8.95,9000.0,0,183.33,154.0
615,58.67,8.95,9200.0,0,183.33,154.0
616,58.67,8.95,9400.0,0,183.33,154.0
617,58.67,8.95,9600.0,0,183.33,154.0
618,58.67,8.95,9800.0,0,183.33,154.0
619,58.67,8.95,10000.0,0,183.33,154.0
626,58.67,9.7,5200.0,0,183.33,154.0
627,58.67,9.7,5400.0,0,183.33,154.0
628,58.67,9.7,5600.0,0,183.33,154.0
629,58.67,9.7,5800.0,0,183.33,154.0
630,58.67,9.7,6000.0,0,183.33,154.0
631,58.67,9.7,6200.0,0,183.33,154.0
632,58.67,9.7,6400.0,0,183.33,154.0
633,58.67,9.7,6600.0,0,183.33,154.0
634,58.67,9.7,6800.0,0,183.33,154.0
635,58.67,9.7,7000.0,0,183.33,154.0
636,58.67,9.7,7200.0,0,183.33,154.0
637,58.67,9.7,7400.0,0,183.33,154.0
638,58.67,9.7,7600.0,0,183.33,154.0
639,58.67,9.7,7800.0,0,183.33,154.0
640,58.67,9.7,8000.0,0,183.33,154.0
641,58.67,9.7,8200.0,0,183.33,154.0
642,58.67,9.7,8400.0,0,183.33,154.0
643,58.67,9.7,8600.0,0,183.33,154.0
644,58.67,9.7,8800.0,0,183.33,154.0
645,58.67,9.7,9000.0,0,183.33,154.0
646,58.67,9.7,9200.0,0,183.33,154.0
647,58.67,9.7,9400.0,0,183.33,154.0
648,58.67,9.7,9600.0,0,183.33,154.0
649,58.67,9.7,9800.0,0,183.33,154.0
650,58.67,9.7,10000.0,0,183.33,154.0
656,58.67,10.45,5000.0,0,183.33,154.0
657,58.67,10.45,5200.0,0,183.33,154.0
658,58.67,10.45,5400.0,0,183.33,154.0
659,58.67,10.45,5600.0,0,183.33,154.0
660,58.67,10.45,5800.0,0,183.33,154.0
661,58.67,10.45,6000.0,0,183.33,154.0
662,58.67,10.45,6200.0,0,183.33,154.0
663,58.67,10.45,6400.0,0,183.33,154.0
664,58.67,10.45,6600.0,0,183.33,154.0
665,58.67,10.45,6800.0,0,183.33,154.0
666,58.67,10.45,7000.0,0,183.33,154.0
667,58.67,10.45,7200.0,0,183.33,154.0
668,58.67,10.45,7400.0,0,183.33,154.0
669,58.67,10.45,7600.0,0,183.33,154.0
670,58.67,10.45,7800.0,0,183.33,154.0
671,58.67,10.45,8000.0,0,183.33,154.0
672,58.67,10.45,8200.0,0,183.33,154.0
673,58.67,10.45,8400.0,0,183.33,154.0
674,58.67,10.45,8600.0,0,183.33,154.0
675,58.67,10.45,8800.0,0,183.33,154.0
676,58.67,10.45,9000.0,0,183.33,154.0
677,58.67,10.45,9200.0,0,183.33,154.0
678,58.67,10.45,9400.0,0,183.33,154.0
679,58.67,10.45,9600.0,0,183.33,154.0
680,58.67,10.45,9800.0,0,183.33,154.0
681,58.67,10.45,10000.0,0,183.33,154.0
685,58.67,11.2,4600.0,0,183.33,154.0
686,58.67,11.2,4800.0,0,183.33,154.0
687,58.67,11.2,5000.0,0,183.33,154.0
688,58.67,11.2,5200.0,0,183.33,154.0
689,58.67,11.2,5400.0,0,183.33,154.0
690,58.67,11.2,5600.0,0,183.33,154.0
691,58.67,11.2,5800.0,0,183.33,154.0
692,58.67,11.2,6000.0,0,183.33,154.0
693,58.67,11.2,6200.0,0,183.33,154.0
694,58.67,11.2,6400.0,0,183.33,154.0
695,58.67,11.2,6600.0,0,183.33,154.0
696,58.67,11.2,6800.0,0,183.33,154.0
697,58.67,11.2,7000.0,0,183.33,154.0
698,58.67,11.2,7200.0,0,183.33,154.0
699,58.67,11.2,7400.0,0,183.33,154.0
700,58.67,11.2,7600.0,0,183.33,154.0
701,58.67,11.2,7800.0,0,183.33,154.0
702,58.67,11.2,8000.0,0,183.33,154.0
703,58.67,11.2,8200.0,0,183.33,154.0
704,58.67,11.2,8400.0,0,183.33,154.0
705,58.67,11.2,8600.0,0,183.33,154.0
706,58.67,11.2,8800.0,0,183.33,154.0
707,58.67,11.2,9000.0,0,183.33,154.0
708,58.67,11.2,9200.0,0,183.33,154.0
709,58.67,11.2,9400.0,0,183.33,154.0
710,58.67,11.2,9600.0,0,183.33,154.0
711,58.67,11.2,9800.0,0,183.33,154.0
712,58.67,11.2,10000.0,0,183.33,154.0
716,58.67,11.95,4600.0,0,183.33,154.0
717,58.67,11.95,4800.0,0,183.33,154.0
718,58.67,11.95,5000.0,0,183.33,154.0
719,58.67,11.95,5200.0,0,183.33,154.0
720,58.67,11.95,5400.0,0,183.33,154.0
721,58.67,11.95,5600.0,0,183.33,154.0
722,58.67,11.95,5800.0,0,183.33,154.0
723,58.67,11.95,6000.0,0,183.33,154.0
724,58.67,11.95,6200.0,0,183.33,154.0
725,58.67,11.95,6400.0,0,183.33,154.0
726,58.67,11.95,6600.0,0,183.33,154.0
727,58.67,11.95,6800.0,0,183.33,154.0
728,58.67,11.95,7000.0,0,183.33,154.0
729,58.67,11.95,7200.0,0,183.33,154.0
730,58.67,11.95,7400.0,0,183.33,154.0
731,58.67,11.95,7600.0,0,183.33,154.0
732,58.67,11.95,7800.0,0,183.33,154.0
733,58.67,11.95,8000.0,0,183.33,154.0
734,58.67,11.95,8200.0,0,183.33,154.0
735,58.67,11.95,8400.0,0,183.33,154.0
736,58.67,11.95,8600.0,0,183.33,154.0
737,58.67,11.95,8800.0,0,183.33,154.0
738,58.67,11.95,9000.0,0,183.33,154.0
739,58.67,11.95,9200.0,0,183.33,154.0
740,58.67,11.95,9400.0,0,183.33,154.0
741,58.67,11.95,9600.0,0,183.33,154.0
742,58.67,11.95,9800.0,0,183.33,154.0
743,58.67,11.95,10000.0,0,183.33,154.0
746,58.67,12.7,4400.0,0,183.33,154.0
747,58.67,12.7,4600.0,0,183.33,154.0
748,58.67,12.7,4800.0,0,183.33,154.0
749,58.67,12.7,5000.0,0,183.33,154.0
750,58.67,12.7,5200.0,0,183.33,154.0
751,58.67,12.7,5400.0,0,183.33,154.0
752,58.67,12.7,5600.0,0,183.33,154.0
753,58.67,12.7,5800.0,0,183.33,154.0
754,58.67,12.7,6000.0,0,183.33,154.0
755,58.67,12.7,6200.0,0,183.33,154.0
756,58.67,12.7,6400.0,0,183.33,154.0
757,58.67,12.7,6600.0,0,183.33,154.0
758,58.67,12.7,6800.0,0,183.33,154.0
759,58.67,12.7,7000.0,0,183.33,154.0
760,58.67,12.7,7200.0,0,183.33,154.0
761,58.67,12.7,7400.0,0,183.33,154.0
762,58.67,12.7,7600.0,0,183.33,154.0
763,58.67,12.7,7800.0,0,183.33,154.0
764,58.67,12.7,8000.0,0,183.33,154.0
765,58.67,12.7,8200.0,0,183.33,154.0
766,58.67,12.7,8400.0,0,183.33,154.0
767,58.67,12.7,8600.0,0,183.33,154.0
768,58.67,12.7,8800.0,0,183.33,154.0
769,58.67,12.7,9000.0,0,183.33,154.0
770,58.67,12.7,9200.0,0,183.33,154.0
771,58.67,12.7,9400.0,0,183.33,154.0
772,58.67,12.7,9600.0,0,183.33,154.0
773,58.67,12.7,9800.0,0,183.33,154.0
774,58.67,12.7,10000.0,0,183.33,154.0
776,58.67,13.45,4200.0,0,183.33,154.0
777,58.67,13.45,4400.0,0,183.33,154.0
778,58.67,13.45,4600.0,0,183.33,154.0
779,58.67,13.45,4800.0,0,183.33,154.0
780,58.67,13.45,5000.0,0,183.33,154.0
781,58.67,13.45,5200.0,0,183.33,154.0
782,58.67,13.45,5400.0,0,183.33,154.0
783,58.67,13.45,5600.0,0,183.33,154.0
784,58.67,13.45,5800.0,0,183.33,154.0
785,58.67,13.45,6000.0,0,183.33,154.0
786,58.67,13.45,6200.0,0,183.33,154.0
787,58.67,13.45,6400.0,0,183.33,154.0
788,58.67,13.45,6600.0,0,183.33,154.0
789,58.67,13.45,6800.0,0,183.33,154.0
790,58.67,13.45,7000.0,0,183.33,154.0
791,58.67,13.45,7200.0,0,183.33,154.0
792,58.67,13.45,7400.0,0,183.33,154.0
793,58.67,13.45,7600.0,0,183.33,154.0
794,58.67,13.45,7800.0,0,183.33,154.0
795,58.67,13.45,8000.0,0,183.33,154.0
796,58.67,13.45,8200.0,0,183.33,154.0
797,58.67,13.45,8400.0,0,183.33,154.0
798,58.67,13.45,8600.0,0,183.33,154.0
799,58.67,13.45,8800.0,0,183.33,154.0
800,58.67,13.45,9000.0,0,183.33,154.0
801,58.67,13.45,9200.0,0,183.33,154.0
802,58.67,13.45,9400.0,0,183.33,154.0
803,58.67,13.45,9600.0,0,183.33,154.0
804,58.67,13.45,9800.0,0,183.33,154.0
805,58.67,13.45,10000.0,0,183.33,154.0
807,58.67,14.2,4200.0,0,183.33,154.0
808,58.67,14.2,4400.0,0,183.33,154.0
809,58.67,14.2,4600.0,0,183.33,154.0
810,58.67,14.2,4800.0,0,183.33,154.0
811,58.67,14.2,5000.0,0,183.33,154.0
812,58.67,14.2,5200.0,0,183.33,154.0
813,58.67,14.2,5400.0,0,183.33,154.0
814,58.67,14.2,5600.0,0,183.33,154.0
815,58.67,14.2,5800.0,0,183.33,154.0
816,58.67,14.2,6000.0,0,183.33,154.0
817,58.67,14.2,6200.0,0,183.33,154.0
818,58.67,14.2,6400.0,0,183.33,154.0
819,58.67,14.2,6600.0,0,183.33,154.0
820,58.67,14.2,6800.0,0,183.33,154.0
821,58.67,14.2,7000.0,0,183.33,154.0
822,58.67,14.2,7200.0,0,183.33,154.0
823,58.67,14.2,7400.0,0,183.33,154.0
824,58.67,14.2,7600.0,0,183.33,154.0
825,58.67,14.2,7800.0,0,183.33,154.0
826,58.67,14.2,8000.0,0,183.33,154.0
827,58.67,14.2,8200.0,0,183.33,154.0
828,58.67,14.2,8400.0,0,183.33,154.0
829,58.67,14.2,8600.0,0,183.33,154.0
830,58.67,14.2,8800.0,0,183.33,154.0
831,58.67,14.2,9000.0,0,183.33,154.0
832,58.67,14.2,9200.0,0,183.33,154.0
833,58.67,14.2,9400.0,0,183.33,154.0
834,58.67,14.2,9600.0,0,183.33,154.0
835,58.67,14.2,9800.0,0,183.33,154.0
836,58.67,14.2,10000.0,0,183.33,154.0
845,66.0,8.2,5600.0,0,183.33,154.0
846,66.0,8.2,5800.0,0,183.33,154.0
847,66.0,8.2,6000.0,0,183.33,154.0
848,66.0,8.2,6200.0,0,183.33,154.0
849,66.0,8.2,6400.0,0,183.33,154.0
850,66.0,8.2,6600.0,0,183.33,154.0
851,66.0,8.2,6800.0,0,183.33,154.0
852,66.0,8.2,7000.0,0,183.33,154.0
853,66.0,8.2,7200.0,0,183.33,154.0
854,66.0,8.2,7400.0,0,183.33,154.0
855,66.0,8.2,7600.0,0,183.33,154.0
856,66.0,8.2,7800.0,0,183.33,154.0
857,66.0,8.2,8000.0,0,183.33,154.0
858,66.0,8.2,8200.0,0,183.33,154.0
859,66.0,8.2,8400.0,0,183.33,154.0
860,66.0,8.2,8600.0,0,183.33,154.0
861,66.0,8.2,8800.0,0,183.33,154.0
862,66.0,8.2,9000.0,0,183.33,154.0
863,66.0,8.2,9200.0,0,183.33,154.0
864,66.0,8.2,9400.0,0,183.33,154.0
865,66.0,8.2,9600.0,0,183.33,154.0
866,66.0,8.2,9800.0,0,183.33,154.0
867,66.0,8.2,10000.0,0,183.33,154.0
874,66.0,8.95,5200.0,0,183.33,154.0
875,66.0,8.95,5400.0,0,183.33,154.0
876,66.0,8.95,5600.0,0,183.33,154.0
877,66.0,8.95,5800.0,0,183.33,154.0
878,66.0,8.95,6000.0,0,183.33,154.0
879,66.0,8.95,6200.0,0,183.33,154.0
880,66.0,8.95,6400.0,0,183.33,154.0
881,66.0,8.95,6600.0,0,183.33,154.0
882,66.0,8.95,6800.0,0,183.33,154.0
883,66.0,8.95,7000.0,0,183.33,154.0
884,66.0,8.95,7200.0,0,183.33,154.0
885,66.0,8.95,7400.0,0,183.33,154.0
886,66.0,8.95,7600.0,0,183.33,154.0
887,66.0,8.95,7800.0,0,183.33,154.0
888,66.0,8.95,8000.0,0,183.33,154.0
889,66.0,8.95,8200.0,0,183.33,154.0
890,66.0,8.95,8400.0,0,183.33,154.0
891,66.0,8.95,8600.0,0,183.33,154.0
892,66.0,8.95,8800.0,0,183.33,154.0
893,66.0,8.95,9000.0,0,183.33,154.0
894,66.0,8.95,9200.0,0,183.33,154.0
895,66.0,8.95,9400.0,0,183.33,154.0
896,66.0,8.95,9600.0,0,183.33,154.0
897,66.0,8.95,9800.0,0,183.33,154.0
898,66.0,8.95,10000.0,0,183.33,154.0
904,66.0,9.7,5000.0,0,183.33,154.0
905,66.0,9.7,5200.0,0,183.33,154.0
906,66.0,9.7,5400.0,0,183.33,154.0
907,66.0,9.7,5600.0,0,183.33,154.0
908,66.0,9.7,5800.0,0,183.33,154.0
909,66.0,9.7,6000.0,0,183.33,154.0
910,66.0,9.7,6200.0,0,183.33,154.0
911,66.0,9.7,6400.0,0,183.33,154.0
912,66.0,9.7,6600.0,0,183.33,154.0
913,66.0,9.7,6800.0,0,183.33,154.0
914,66.0,9.7,7000.0,0,183.33,154.0
915,66.0,9.7,7200.0,0,183.33,154.0
916,66.0,9.7,7400.0,0,183.33,154.0
917,66.0,9.7,7600.0,0,183.33,154.0
918,66.0,9.7,7800.0,0,183.33,154.0
919,66.0,9.7,8000.0,0,183.33,154.0
920,66.0,9.7,8200.0,0,183.33,154.0
921,66.0,9.7,8400.0,0,183.33,154.0
922,66.0,9.7,8600.0,0,183.33,154.0
923,66.0,9.7,8800.0,0,183.33,154.0
924,66.0,9.7,9000.0,0,183.33,154.0
925,66.0,9.7,9200.0,0,183.33,154.0
926,66.0,9.7,9400.0,0,183.33,154.0
927,66.0,9.7,9600.0,0,183.33,154.0
928,66.0,9.7,9800.0,0,183.33,154.0
929,66.0,9.7,10000.0,0,183.33,154.0
934,66.0,10.45,4800.0,0,183.33,154.0
935,66.0,10.45,5000.0,0,183.33,154.0
936,66.0,10.45,5200.0,0,183.33,154.0
937,66.0,10.45,5400.0,0,183.33,154.0
938,66.0,10.45,5600.0,0,183.33,154.0
939,66.0,10.45,5800.0,0,183.33,154.0
940,66.0,10.45,6000.0,0,183.33,154.0
941,66.0,10.45,6200.0,0,183.33,154.0
942,66.0,10.45,6400.0,0,183.33,154.0
943,66.0,10.45,6600.0,0,183.33,154.0
944,66.0,10.45,6800.0,0,183.33,154.0
945,66.0,10.45,7000.0,0,183.33,154.0
946,66.0,10.45,7200.0,0,183.33,154.0
947,66.0,10.45,7400.0,0,183.33,154.0
948,66.0,10.45,7600.0,0,183.33,154.0
949,66.0,10.45,7800.0,0,183.33,154.0
950,66.0,10.45,8000.0,0,183.33,154.0
951,66.0,10.45,8200.0,0,183.33,154.0
952,66.0,10.45,8400.0,0,183.33,154.0
953,66.0,10.45,8600.0,0,183.33,154.0
954,66.0,10.45,8800.0,0,183.33,154.0
955,66.0,10.45,9000.0,0,183.33,154.0
956,66.0,10.45,9200.0,0,183.33,154.0
957,66.0,10.45,9400.0,0,183.33,154.0
958,66.0,10.45,9600.0,0,183.33,154.0
959,66.0,10.45,9800.0,0,183.33,154.0
960,66.0,10.45,10000.0,0,183.33,154.0
963,66.0,11.2,4400.0,0,183.33,154.0
964,66.0,11.2,4600.0,0,183.33,154.0
965,66.0,11.2,4800.0,0,183.33,154.0
966,66.0,11.2,5000.0,0,183.33,154.0
967,66.0,11.2,5200.0,0,183.33,154.0
968,66.0,11.2,5400.0,0,183.33,154.0
969,66.0,11.2,5600.0,0,183.33,154.0
970,66.0,11.2,5800.0,0,183.33,154.0
971,66.0,11.2,6000.0,0,183.33,154.0
972,66.0,11.2,6200.0,0,183.33,154.0
973,66.0,11.2,6400.0,0,183.33,154.0
974,66.0,11.2,6600.0,0,183.33,154.0
975,66.0,11.2,6800.0,0,183.33,154.0
976,66.0,11.2,7000.0,0,183.33,154.0
977,66.0,11.2,7200.0,0,183.33,154.0
978,66.0,11.2,7400.0,0,183.33,154.0
979,66.0,11.2,7600.0,0,183.33,154.0
980,66.0,11.2,7800.0,0,183.33,154.0
981,66.0,11.2,8000.0,0,183.33,154.0
982,66.0,11.2,8200.0,0,183.33,154.0
983,66.0,11.2,8400.0,0,183.33,154.0
984,66.0,11.2,8600.0,0,183.33,154.0
985,66.0,11.2,8800.0,0,183.33,154.0
986,66.0,11.2,9000.0,0,183.33,154.0
987,66.0,11.2,9200.0,0,183.33,154.0
988,66.0,11.2,9400.0,0,183.33,154.0
989,66.0,11.2,9600.0,0,183.33,154.0
990,66.0,11.2,9800.0,0,183.33,154.0
991,66.0,11.2,10000.0,0,183.33,154.0
994,66.0,11.95,4400.0,0,183.33,154.0
995,66.0,11.95,4600.0,0,183.33,154.0
996,66.0,11.95,4800.0,0,183.33,154.0
997,66.0,11.95,5000.0,0,183.33,154.0
998,66.0,11.95,5200.0,0,183.33,154.0
999,66.0,11.95,5400.0,0,183.33,154.0
1000,66.0,11.95,5600.0,0,183.33,154.0
1001,66.0,11.95,5800.0,0,183.33,154.0
1002,66.0,11.95,6000.0,0,183.33,154.0
1003,66.0,11.95,6200.0,0,183.33,154.0
1004,66.0,11.95,6400.0,0,183.33,154.0
1005,66.0,11.95,6600.0,0,183.33,154.0
1006,66.0,11.95,6800.0,0,183.33,154.0
1007,66.0,11.95,7000.0,0,183.33,154.0
1008,66.0,11.95,7200.0,0,183.33,154.0
1009,66.0,11.95,7400.0,0,183.33,154.0
1010,66.0,11.95,7600.0,0,183.33,154.0
1011,66.0,11.95,7800.0,0,183.33,154.0
1012,66.0,11.95,8000.0,0,183.33,154.0
1013,66.0,11.95,8200.0,0,183.33,154.0
1014,66.0,11.95,8400.0,0,183.33,154.0
1015,66.0,11.95,8600.0,0,183.33,154.0
1016,66.0,11.95,8800.0,0,183.33,154.0
1017,66.0,11.95,9000.0,0,183.33,154.0
1018,66.0,11.95,9200.0,0,183.33,154.0
1019,66.0,11.95,9400.0,0,183.33,154.0
1020,66.0,11.95,9600.0,0,183.33,154.0
1021,66.0,11.95,9800.0,0,183.33,154.0
1022,66.0,11.95,10000.0,0,183.33,154.0
1024,66.0,12.7,4200.0,0,183.33,154.0
1025,66.0,12.7,4400.0,0,183.33,154.0
1026,66.0,12.7,4600.0,0,183.33,154.0
1027,66.0,12.7,4800.0,0,183.33,154.0
1028,66.0,12.7,5000.0,0,183.33,154.0
1029,66.0,12.7,5200.0,0,183.33,154.0
1030,66.0,12.7,5400.0,0,183.33,154.0
1031,66.0,12.7,5600.0,0,183.33,154.0
1032,66.0,12.7,5800.0,0,183.33,154.0
1033,66.0,12.7,6000.0,0,183.33,154.0
1034,66.0,12.7,6200.0,0,183.33,154.0
1035,66.0,12.7,6400.0,0,183.33,154.0
1036,66.0,12.7,6600.0,0,183.33,154.0
1037,66.0,12.7,6800.0,0,183.33,154.0
1038,66.0,12.7,7000.0,0,183.33,154.0
1039,66.0,12.7,7200.0,0,183.33,154.0
1040,66.0,12.7,7400.0,0,183.33,154.0
1041,66.0,12.7,7600.0,0,183.33,154.0
1042,66.0,12.7,7800.0,0,183.33,154.0
1043,66.0,12.7,8000.0,0,183.33,154.0
1044,66.0,12.7,8200.0,0,183.33,154.0
1045,66.0,12.7,8400.0,0,183.33,154.0
1046,66.0,12.7,8600.0,0,183.33,154.0
1047,66.0,12.7,8800.0,0,183.33,154.0
1048,66.0,12.7,9000.0,0,183.33,154.0
1049,66.0,12.7,9200.0,0,183.33,154.0
1050,66.0,12.7,9400.0,0,183.33,154.0
1051,66.0,12.7,9600.0,0,183.33,154.0
1052,66.0,12.7,9800.0,0,183.33,154.0
1053,66.0,12.7,10000.0,0,183.33,154.0
1055,66.0,13.45,4200.0,0,183.33,154.0
1056,66.0,13.45,4400.0,0,183.33,154.0
1057,66.0,13.45,4600.0,0,183.33,154.0
1058,66.0,13.45,4800.0,0,183.33,154.0
1059,66.0,13.45,5000.0,0,183.33,154.0
1060,66.0,13.45,5200.0,0,183.33,154.0
1061,66.0,13.45,5400.0,0,183.33,154.0
1062,66.0,13.45,5600.0,0,183.33,154.0
1063,66.0,13.45,5800.0,0,183.33,154.0
1064,66.0,13.45,6000.0,0,183.33,154.0
1065,66.0,13.45,6200.0,0,183.33,154.0
1066,66.0,13.45,6400.0,0,183.33,154.0
1067,66.0,13.45,6600.0,0,183.33,154.0
1068,66.0,13.45,6800.0,0,183.33,154.0
1069,66.0,13.45,7000.0,0,183.33,154.0
1070,66.0,13.45,7200.0,0,183.33,154.0
1071,66.0,13.45,7400.0,0,183.33,154.0
1072,66.0,13.45,7600.0,0,183.33,154.0
1073,66.0,13.45,7800.0,0,183.33,154.0
1074,66.0,13.45,8000.0,0,183.33,154.0
1075,66.0,13.45,8200.0,0,183.33,154.0
1076,66.0,13.45,8400.0,0,183.33,154.0
1077,66.0,13.45,8600.0,0,183.33,154.0
1078,66.0,13.45,8800.0,0,183.33,154.0
1079,66.0,13.45,9000.0,0,183.33,154.0
1080,66.0,13.45,9200.0,0,183.33,154.0
1081,66.0,13.45,9400.0,0,183.33,154.0
1082,66.0,13.45,9600.0,0,183.33,154.0
1083,66.0,13.45,9800.0,0,183.33,154.0
1084,66.0,13.45,10000.0,0,183.33,154.0
1085,66.0,14.2,4000.0,0,183.33,154.0
1086,66.0,14.2,4200.0,0,183.33,154.0
1087,66.0,14.2,4400.0,0,183.33,154.0
1088,66.0,14.2,4600.0,0,183.33,154.0
1089,66.0,14.2,4800.0,0,183.33,154.0
1090,66.0,14.2,5000.0,0,183.33,154.0
1091,66.0,14.2,5200.0,0,183.33,154.0
1092,66.0,14.2,5400.0,0,183.33,154.0
1093,66.0,14.2,5600.0,0,183.33,154.0
1094,66.0,14.2,5800.0,0,183.33,154.0
1095,66.0,14.2,6000.0,0,183.33,154.0
1096,66.0,14.2,6200.0,0,183.33,154.0
1097,66.0,14.2,6400.0,0,183.33,154.0
1098,66.0,14.2,6600.0,0,183.33,154.0
1099,66.0,14.2,6800.0,0,183.33,154.0
1100,66.0,14.2,7000.0,0,183.33,154.0
1101,66.0,14.2,7200.0,0,183.33,154.0
1102,66.0,14.2,7400.0,0,183.33,154.0
1103,66.0,14.2,7600.0,0,183.33,154.0
1104,66.0,14.2,7800.0,0,183.33,154.0
1105,66.0,14.2,8000.0,0,183.33,154.0
1106,66.0,14.2,8200.0,0,183.33,154.0
1107,66.0,14.2,8400.0,0,183.33,154.0
1108,66.0,14.2,8600.0,0,183.33,154.0
1109,66.0,14.2,8800.0,0,183.33,154.0
1110,66.0,14.2,9000.0,0,183.33,154.0
1111,66.0,14.2,9200.0,0,183.33,154.0
1112,66.0,14.2,9400.0,0,183.33,154.0
1113,66.0,14.2,9600.0,0,183.33,154.0
1114,66.0,14.2,9800.0,0,183.33,154.0
1115,66.0,14.2,10000.0,0,183.33,154.0
1122,73.33,8.2,5200.0,0,183.33,154.0
1123,73.33,8.2,5400.0,0,183.33,154.0
1124,73.33,8.2,5600.0,0,183.33,154.0
1125,73.33,8.2,5800.0,0,183.33,154.0
1126,73.33,8.2,6000.0,0,183.33,154.0
1127,73.33,8.2,6200.0,0,183.33,154.0
1128,73.33,8.2,6400.0,0,183.33,154.0
1129,73.33,8.2,6600.0,0,183.33,154.0
1130,73.33,8.2,6800.0,0,183.33,154.0
1131,73.33,8.2,7000.0,0,183.33,154.0
1132,73.33,8.2,7200.0,0,183.33,154.0
1133,73.33,8.2,7400.0,0,183.33,154.0
1134,73.33,8.2,7600.0,0,183.33,154.0
1135,73.33,8.2,7800.0,0,183.33,154.0
1136,73.33,8.2,8000.0,0,183.33,154.0
1137,73.33,8.2,8200.0,0,183.33,154.0
1138,73.33,8.2,8400.0,0,183.33,154.0
1139,73.33,8.2,8600.0,0,183.33,154.0
1140,73.33,8.2,8800.0,0,183.33,154.0
1141,73.33,8.2,9000.0,0,183.33,154.0
1142,73.33,8.2,9200.0,0,183.33,154.0
1143,73.33,8.2,9400.0,0,183.33,154.0
1144,73.33,8.2,9600.0,0,183.33,154.0
1145,73.33,8.2,9800.0,0,183.33,154.0
1146,73.33,8.2,10000.0,0,183.33,154.0
1152,73.33,8.95,5000.0,0,183.33,154.0
1153,73.33,8.95,5200.0,0,183.33,154.0
1154,73.33,8.95,5400.0,0,183.33,154.0
1155,73.33,8.95,5600.0,0,183.33,154.0
1156,73.33,8.95,5800.0,0,183.33,154.0
1157,73.33,8.95,6000.0,0,183.33,154.0
1158,73.33,8.95,6200.0,0,183.33,154.0
1159,73.33,8.95,6400.0,0,183.33,154.0
1160,73.33,8.95,6600.0,0,183.33,154.0
1161,73.33,8.95,6800.0,0,183.33,154.0
1162,73.33,8.95,7000.0,0,183.33,154.0
1163,73.33,8.95,7200.0,0,183.33,154.0
1164,73.33,8.95,7400.0,0,183.33,154.0
1165,73.33,8.95,7600.0,0,183.33,154.0
1166,73.33,8.95,7800.0,0,183.33,154.0
1167,73.33,8.95,8000.0,0,183.33,154.0
1168,73.33,8.95,8200.0,0,183.33,154.0
1169,73.33,8.95,8400.0,0,183.33,154.0
1170,73.33,8.95,8600.0,0,183.33,154.0
1171,73.33,8.95,8800.0,0,183.33,154.0
1172,73.33,8.95,9000.0,0,183.33,154.0
1173,73.33,8.95,9200.0,0,183.33,154.0
1174,73.33,8.95,9400.0,0,183.33,154.0
1175,73.33,8.95,9600.0,0,183.33,154.0
1176,73.33,8.95,9800.0,0,183.33,154.0
1177,73.33,8.95,10000.0,0,183.33,154.0
1181,73.33,9.7,4600.0,0,183.33,154.0
1182,73.33,9.7,4800.0,0,183.33,154.0
1183,73.33,9.7,5000.0,0,183.33,154.0
1184,73.33,9.7,5200.0,0,183.33,154.0
1185,73.33,9.7,5400.0,0,183.33,154.0
1186,73.33,9.7,5600.0,0,183.33,154.0
1187,73.33,9.7,5800.0,0,183.33,154.0
1188,73.33,9.7,6000.0,0,183.33,154.0
1189,73.33,9.7,6200.0,0,183.33,154.0
1190,73.33,9.7,6400.0,0,183.33,154.0
1191,73.33,9.7,6600.0,0,183.33,154.0
1192,73.33,9.7,6800.0,0,183.33,154.0
1193,73.33,9.7,7000.0,0,183.33,154.0
1194,73.33,9.7,7200.0,0,183.33,154.0
1195,73.33,9.7,7400.0,0,183.33,154.0
1196,73.33,9.7,7600.0,0,183.33,154.0
1197,73.33,9.7,7800.0,0,183.33,154.0
1198,73.33,9.7,8000.0,0,183.33,154.0
1199,73.33,9.7,8200.0,0,183.33,154.0
1200,73.33,9.7,8400.0,0,183.33,154.0
1201,73.33,9.7,8600.0,0,183.33,154.0
1202,73.33,9.7,8800.0,0,183.33,154.0
1203,73.33,9.7,9000.0,0,183.33,154.0
1204,73.33,9.7,9200.0,0,183.33,154.0
1205,73.33,9.7,9400.0,0,183.33,154.0
1206,73.33,9.7,9600.0,0,183.33,154.0
1207,73.33,9.7,9800.0,0,183.33,154.0
1208,73.33,9.7,10000.0,0,183.33,154.0
1212,73.33,10.45,4600.0,0,183.33,154.0
1213,73.33,10.45,4800.0,0,183.33,154.0
1214,73.33,10.45,5000.0,0,183.33,154.0
1215,73.33,10.45,5200.0,0,183.33,154.0
1216,73.33,10.45,5400.0,0,183.33,154.0
1217,73.33,10.45,5600.0,0,183.33,154.0
1218,73.33,10.45,5800.0,0,183.33,154.0
1219,73.33,10.45,6000.0,0,183.33,154.0
1220,73.33,10.45,6200.0,0,183.33,154.0
1221,73.33,10.45,6400.0,0,183.33,154.0
1222,73.33,10.45,6600.0,0,183.33,154.0
1223,73.33,10.45,6800.0,0,183.33,154.0
1224,73.33,10.45,7000.0,0,183.33,154.0
1225,73.33,10.45,7200.0,0,183.33,154.0
1226,73.33,10.45,7400.0,0,183.33,154.0
1227,73.33,10.45,7600.0,0,183.33,154.0
1228,73.33,10.45,7800.0,0,183.33,154.0
1229,73.33,10.45,8000.0,0,183.33,154.0
1230,73.33,10.45,8200.0,0,183.33,154.0
1231,73.33,10.45,8400.0,0,183.33,154.0
1232,73.33,10.45,8600.0,0,183.33,154.0
1233,73.33,10.45,8800.0,0,183.33,154.0
1234,73.33,10.45,9000.0,0,183.33,154.0
1235,73.33,10.45,9200.0,0,183.33,154.0
1236,73.33,10.45,9400.0,0,183.33,154.0
1237,73.33,10.45,9600.0,0,183.33,154.0
1238,73.33,10.45,9800.0,0,183.33,154.0
1239,73.33,10.45,10000.0,0,183.33,154.0
1242,73.33,11.2,4400.0,0,183.33,154.0
1243,73.33,11.2,4600.0,0,183.33,154.0
1244,73.33,11.2,4800.0,0,183.33,154.0
1245,73.33,11.2,5000.0,0,183.33,154.0
1246,73.33,11.2,5200.0,0,183.33,154.0
1247,73.33,11.2,5400.0,0,183.33,154.0
1248,73.33,11.2,5600.0,0,183.33,154.0
1249,73.33,11.2,5800.0,0,183.33,154.0
1250,73.33,11.2,6000.0,0,183.33,154.0
1251,73.33,11.2,6200.0,0,183.33,154.0
1252,73.33,11.2,6400.0,0,183.33,154.0
1253,73.33,11.2,6600.0,0,183.33,154.0
1254,73.33,11.2,6800.0,0,183.33,154.0
1255,73.33,11.2,7000.0,0,183.33,154.0
1256,73.33,11.2,7200.0,0,183.33,154.0
1257,73.33,11.2,7400.0,0,183.33,154.0
1258,73.33,11.2,7600.0,0,183.33,154.0
1259,73.33,11.2,7800.0,0,183.33,154.0
1260,73.33,11.2,8000.0,0,183.33,154.0
1261,73.33,11.2,8200.0,0,183.33,154.0
1262,73.33,11.2,8400.0,0,183.33,154.0
1263,73.33,11.2,8600.0,0,183.33,154.0
1264,73.33,11.2,8800.0,0,183.33,154.0
1265,73.33,11.2,9000.0,0,183.33,154.0
1266,73.33,11.2,9200.0,0,183.33,154.0
1267,73.33,11.2,9400.0,0,183.33,154.0
1268,73.33,11.2,9600.0,0,183.33,154.0
1269,73.33,11.2,9800.0,0,183.33,154.0
1270,73.33,11.2,10000.0,0,183.33,154.0
1272,73.33,11.95,4200.0,0,183.33,154.0
1273,73.33,11.95,4400.0,0,183.33,154.0
1274,73.33,11.95,4600.0,0,183.33,154.0
1275,73.33,11.95,4800.0,0,183.33,154.0
1276,73.33,11.95,5000.0,0,183.33,154.0
1277,73.33,11.95,5200.0,0,183.33,154.0
1278,73.33,11.95,5400.0,0,183.33,154.0
1279,73.33,11.95,5600.0,0,183.33,154.0
1280,73.33,11.95,5800.0,0,183.33,154.0
1281,73.33,11.95,6000.0,0,183.33,154.0
1282,73.33,11.95,6200.0,0,183.33,154.0
1283,73.33,11.95,6400.0,0,183.33,154.0
1284,73.33,11.95,6600.0,0,183.33,154.0
1285,73.33,11.95,6800.0,0,183.33,154.0
1286,73.33,11.95,7000.0,0,183.33,154.0
1287,73.33,11.95,7200.0,0,183.33,154.0
1288,73.33,11.95,7400.0,0,183.33,154.0
1289,73.33,11.95,7600.0,0,183.33,154.0
1290,73.33,11.95,7800.0,0,183.33,154.0
1291,73.33,11.95,8000.0,0,183.33,154.0
1292,73.33,11.95,8200.0,0,183.33,154.0
1293,73.33,11.95,8400.0,0,183.33,154.0
1294,73.33,11.95,8600.0,0,183.33,154.0
1295,73.33,11.95,8800.0,0,183.33,154.0
1296,73.33,11.95,9000.0,0,183.33,154.0
1297,73.33,11.95,9200.0,0,183.33,154.0
1298,73.33,11.95,9400.0,0,183.33,154.0
1299,73.33,11.95,9600.0,0,183.33,154.0
1300,73.33,11.95,9800.0,0,183.33,154.0
1301,73.33,11.95,10000.0,0,183.33,154.0
1302,73.33,12.7,4000.0,0,183.33,154.0
1303,73.33,12.7,4200.0,0,183.33,154.0
1304,73.33,12.7,4400.0,0,183.33,154.0
1305,73.33,12.7,4600.0,0,183.33,154.0
1306,73.33,12.7,4800.0,0,183.33,154.0
1307,73.33,12.7,5000.0,0,183.33,154.0
1308,73.33,12.7,5200.0,0,183.33,154.0
1309,73.33,12.7,5400.0,0,183.33,154.0
1310,73.33,12.7,5600.0,0,183.33,154.0
1311,73.33,12.7,5800.0,0,183.33,154.0
1312,73.33,12.7,6000.0,0,183.33,154.0
1313,73.33,12.7,6200.0,0,183.33,154.0
1314,73.33,12.7,6400.0,0,183.33,154.0
1315,73.33,12.7,6600.0,0,183.33,154.0
1316,73.33,12.7,6800.0,0,183.33,154.0
1317,73.33,12.7,7000.0,0,183.33,154.0
1318,73.33,12.7,7200.0,0,183.33,154.0
1319,73.33,12.7,7400.0,0,183.33,154.0
1320,73.33,12.7,7600.0,0,183.33,154.0
1321,73.33,12.7,7800.0,0,183.33,154.0
1322,73.33,12.7,8000.0,0,183.33,154.0
1323,73.33,12.7,8200.0,0,183.33,154.0
1324,73.33,12.7,8400.0,0,183.33,154.0
1325,73.33,12.7,8600.0,0,183.33,154.0
1326,73.33,12.7,8800.0,0,183.33,154.0
1327,73.33,12.7,9000.0,0,183.33,154.0
1328,73.33,12.7,9200.0,0,183.33,154.0
1329,73.33,12.7,9400.0,0,183.33,154.0
1330,73.33,12.7,9600.0,0,183.33,154.0
1331,73.33,12.7,9800.0,0,183.33,154.0
1332,73.33,12.7,10000.0,0,183.33,154.0
1333,73.33,13.45,4000.0,0,183.33,154.0
1334,73.33,13.45,4200.0,0,183.33,154.0
1335,73.33,13.45,4400.0,0,183.33,154.0
1336,73.33,13.45,4600.0,0,183.33,154.0
1337,73.33,13.45,4800.0,0,183.33,154.0
1338,73.33,13.45,5000.0,0,183.33,154.0
1339,73.33,13.45,5200.0,0,183.33,154.0
1340,73.33,13.45,5400.0,0,183.33,154.0
1341,73.33,13.45,5600.0,0,183.33,154.0
1342,73.33,13.45,5800.0,0,183.33,154.0
1343,73.33,13.45,6000.0,0,183.33,154.0
1344,73.33,13.45,6200.0,0,183.33,154.0
1345,73.33,13.45,6400.0,0,183.33,154.0
1346,73.33,13.45,6600.0,0,183.33,154.0
1347,73.33,13.45,6800.0,0,183.33,154.0
1348,73.33,13.45,7000.0,0,183.33,154.0
1349,73.33,13.45,7200.0,0,183.33,154.0
1350,73.33,13.45,7400.0,0,183.33,154.0
1351,73.33,13.45,7600.0,0,183.33,154.0
1352,73.33,13.45,7800.0,0,183.33,154.0
1353,73.33,13.45,8000.0,0,183.33,154.0
1354,73.33,13.45,8200.0,0,183.33,154.0
1355,73.33,13.45,8400.0,0,183.33,154.0
1356,73.33,13.45,8600.0,0,183.33,154.0
1357,73.33,13.45,8800.0,0,183.33,154.0
1358,73.33,13.45,9000.0,0,183.33,154.0
1359,73.33,13.45,9200.0,0,183.33,154.0
1360,73.33,13.45,9400.0,0,183.33,154.0
1361,73.33,13.45,9600.0,0,183.33,154.0
1362,73.33,13.45,9800.0,0,183.33,154.0
1363,73.33,13.45,10000.0,0,183.33,154.0
1364,73.33,14.2,4000.0,0,183.33,154.0
1365,73.33,14.2,4200.0,0,183.33,154.0
1366,73.33,14.2,4400.0,0,183.33,154.0
1367,73.33,14.2,4600.0,0,183.33,154.0
1368,73.33,14.2,4800.0,0,183.33,154.0
1369,73.33,14.2,5000.0,0,183.33,154.0
1370,73.33,14.2,5200.0,0,183.33,154.0
1371,73.33,14.2,5400.0,0,183.33,154.0
1372,73.33,14.2,5600.0,0,183.33,154.0
1373,73.33,14.2,5800.0,0,183.33,154.0
1374,73.33,14.2,6000.0,0,183.33,154.0
1375,73.33,14.2,6200.0,0,183.33,154.0
1376,73.33,14.2,6400.0,0,183.33,154.0
1377,73.33,14.2,6600.0,0,183.33,154.0
1378,73.33,14.2,6800.0,0,183.33,154.0
1379,73.33,14.2,7000.0,0,183.33,154.0
1380,73.33,14.2,7200.0,0,183.33,154.0
1381,73.33,14.2,7400.0,0,183.33,154.0
1382,73.33,14.2,7600.0,0,183.33,154.0
1383,73.33,14.2,7800.0,0,183.33,154.0
1384,73.33,14.2,8000.0,0,183.33,154.0
1385,73.33,14.2,8200.0,0,183.33,154.0
1386,73.33,14.2,8400.0,0,183.33,154.0
1387,73.33,14.2,8600.0,0,183.33,154.0
1388,73.33,14.2,8800.0,0,183.33,154.0
1389,73.33,14.2,9000.0,0,183.33,154.0
1390,73.33,14.2,9200.0,0,183.33,154.0
1391,73.33,14.2,9400.0,0,183.33,154.0
1392,73.33,14.2,9600.0,0,183.33,154.0
1393,73.33,14.2,9800.0,0,183.33,154.0
1394,73.33,14.2,10000.0,0,183.33,154.0
